{
  "version": 1,
  "author": "João Murillo",
  "editor": "wokwi",
  "parts": [
    {
      "type": "board-pi-pico-w",
      "id": "pico",
      "top": 0,
      "left": 0,
      "attrs": { "builder": "pico-sdk" }
    },
    {
      "type": "wokwi-led",
      "id": "led1",
      "top": 73.2,
      "left": -226.6,
      "attrs": { "color": "blue" }
    },
    {
      "type": "wokwi-resistor",
      "id": "r1",
      "top": 109.55,
      "left": -144,
      "attrs": { "value": "1000" }
    }
  ],
  "connections": [
    [ "pico:GP0", "$serialMonitor:RX", "", [] ],
    [ "pico:GP1", "$serialMonitor:TX", "", [] ],
    [ "led1:A", "r1:1", "red", [ "v0" ] ],
    [ "led1:C", "pico:GND.2", "black", [ "v0", "h-38", "v-57.6" ] ],
    [ "r1:2", "pico:GP12", "green", [ "v0" ] ]
  ],
  "dependencies": {}
}